{"cameraMode":{"drawMode":0,"name":"Shaded","section":"Shading Mode"},"sceneLighting":false,"audioPlay":false,"sceneViewState":{"showFog":true,"showMaterialUpdate":false,"showSkybox":false,"showFlares":true,"showImageEffects":true,"showParticleSystems":true},"in2DMode":false,"pivot":{"x":0.0,"y":-0.09811365604400635,"z":-0.3068430423736572},"rotation":{"x":0.011809170246124268,"y":0.9724986553192139,"z":-0.2289981096982956,"w":0.04582178592681885},"size":4.825516700744629,"orthographic":false}