{"cameraMode":{"drawMode":0,"name":"Shaded","section":"Shading Mode"},"sceneLighting":true,"audioPlay":false,"sceneViewState":{"showFog":true,"showMaterialUpdate":false,"showSkybox":true,"showFlares":true,"showImageEffects":true,"showParticleSystems":true},"in2DMode":false,"pivot":{"x":-0.6506678462028503,"y":2.1876490116119386,"z":-2.359626531600952},"rotation":{"x":0.09018857777118683,"y":-0.013583428226411343,"z":0.0020648958161473276,"w":0.9960877895355225},"size":7.307637691497803,"orthographic":false}