{"cameraMode":{"drawMode":0,"name":"Shaded","section":"Shading Mode"},"sceneLighting":false,"audioPlay":false,"sceneViewState":{"showFog":true,"showMaterialUpdate":false,"showSkybox":false,"showFlares":true,"showImageEffects":true,"showParticleSystems":true},"in2DMode":false,"pivot":{"x":1.703808307647705,"y":1.0833745002746583,"z":-2.255807399749756},"rotation":{"x":-0.021663794293999673,"y":0.9318178296089172,"z":-0.05946414917707443,"w":-0.3579428791999817},"size":0.4395136535167694,"orthographic":false}